uid,display_name,created_time,email,password,age,phone_number,short_bio,role,seeking,gender,friends
1,Kristina Page,2024-03-15 14:44:20.413916,ronald48@example.net,xF9W!0d_F#,1987-09-02,(744)499-6991,"Successful song nice generation each much line. Risk hope owner pull end somebody every.
Until might pay strong. Nice meeting quite similar generation whatever image.
Reason thought trouble wait.",Post Person,woman,woman,['1']
2,Crystal Taylor,2024-03-18 14:44:20.414268,qtravis@example.org,N9I@KP&m_V,1977-07-28,217.388.4972,"Police every manager these health. Detail whole entire performance budget almost. Single education today day ask budget crime.
Care church trip discuss task player and.",Post Person,man,woman,['1']
3,Ashley Acevedo,2024-02-29 14:44:20.414493,simonwillie@example.net,%VU+4EmxmI,1979-06-24,+1-417-399-6361x053,"Hand property important author box fact. Democrat specific eye raise exist.
Shoulder wide arm bag agent TV. More order recently thank enough. Bill today again three bill since natural onto.",TaxPerson,man,woman,['1']
4,Katelyn Colon,2024-03-04 14:44:20.414736,usmith@example.net,l#9%0R6fX%,1971-02-16,612-757-2004x5589,"Message second themselves role other seven. Never cultural join daughter middle learn. Section not improve.
Lot make nothing return interest main discuss. Successful meeting guess difficult.",TaxPerson,woman,woman,['1']
5,Matthew Doyle,2024-02-28 14:44:20.414939,huffmansandra@example.com,#TRAUXrlW5,1982-08-13,366-775-3314,"Remain data west huge election article his. Federal lawyer network occur rate.
Forget vote every others recently country of. Wish detail break our.",Post Person,man,woman,['1']
6,Gabriel West,2024-03-21 14:44:20.415172,qflores@example.com,ad4I*a#Cg),1999-09-17,4556463997,"Quite suggest environment morning ok none. Development window head kitchen today notice.
Kitchen star stop however focus. Within child choice hour cost.",TaxPerson,woman,man,['1']
7,Erik Gardner,2024-03-11 14:44:20.415381,daniel77@example.org,s_6z2K_gxT,1997-09-03,+1-754-828-9395,"Still address common. Road probably half sell true new.
Condition least station action race. Bad decade piece should. Remain interview through garden decision.",TaxPerson,man,man,['1']
8,Julie Webster,2024-03-25 14:44:20.415551,davidmcfarland@example.net,n%6T5lja%@,1992-04-13,+1-673-493-3818x874,Score assume audience enter. Same us commercial surface card pass court. Only stay country close size when different.,Policeman Officer,woman,man,['1']
9,Toni Ashley,2024-03-04 14:44:20.415772,smithkimberly@example.net,%zd0TaU_l7,1958-12-13,+1-875-467-3055,Rule local every which sound product stock. With threat both task. Plan ever table suffer approach research reality.,Fisherthem,man,man,['1']
10,Brittney Holt,2024-03-03 14:44:20.415987,jessicathompson@example.net,g4aaM(_N*h,1963-08-30,001-309-815-2497x701,"Week site draw become base spend. Economic possible air.
Owner check another. Nice field case red there seven.",Fisherthem,woman,woman,['1']
11,Linda Munoz,2024-03-14 14:44:20.416205,kaitlyn14@example.net,+i9q$Zwzg$,1992-03-12,527-370-3730x81858,"Response eat deal piece.
Actually anything want throw impact manage.
Training whose national laugh perform. Teacher article size popular.
But green return organization.",Policeman Officer,man,man,['1']
12,Kelsey Richardson,2024-03-01 14:44:20.416399,mahoneycarol@example.net,!FBLq^yK#2,1955-10-10,336.292.9867,"Direction card even environment. Establish spring support.
Live property executive send. Best discover although painting none international.
Language hundred production event no month audience first.",Policeman Officer,woman,man,['1']
13,Chad Carr,2024-03-07 14:44:20.416612,uwest@example.net,kwu+1Ybs*U,1950-03-28,(272)386-3044,"Mrs carry sure return instead position stay yeah. Water win but.
Five low buy long suggest perhaps response. No which prove teacher probably prove man.",Post Person,man,man,['1']
14,Shawn Weber,2024-03-12 14:44:20.416796,adavis@example.org,P9O3)T#e#Z,1961-04-14,7543428990,"Sit laugh present early. Mrs career these major interesting fund practice her.
Make six allow.",TaxPerson,man,man,['1']
15,Jessica Campbell,2024-03-24 14:44:20.416975,darrellgordon@example.net,^qK9Rc)1!F,2001-09-22,578-648-4854x24678,"Similar difficult work whole sometimes myself small. Black professor girl trip. Still perform training.
Report that whatever executive able per admit. Onto do rock sound success. At let white safe.",Post Person,woman,woman,['1']
16,Jill Brown,2024-03-12 14:44:20.417182,madelinehowe@example.net,_p*BLIZWz4,1995-03-31,856-250-4274,Option dream song. Increase she grow generation draw positive. Hotel whole among concern evening because wind.,TaxPerson,man,woman,['1']
17,Stephen Juarez,2024-03-01 14:44:20.417388,jessicabarton@example.net,tJ2(RwiB*X,1947-10-17,806.917.7970x61235,None remain whole idea treatment serious career. Under market still really million middle. Contain instead end.,Post Person,woman,man,['1']
18,Christy Johnson,2024-03-12 14:44:20.417587,robertgray@example.com,k1YHpgxP!^,2001-11-30,(835)447-8786,"Need child process up read. Even opportunity range door knowledge. Now top try decide leg.
Us cell shake admit. Impact culture century peace player. Customer rise staff. Once although little.",TaxPerson,woman,man,['1']
19,Pamela Bender,2024-03-07 14:44:20.417817,oellis@example.org,A3WaXr4B%M,1989-06-27,(915)603-5982x451,"Each college community me. Benefit here high know enough.
Audience then issue country under. Hand yard number executive bank physical. Such purpose appear social book know build education.",Fisherthem,woman,woman,['1']
20,Rebecca Wright,2024-03-07 14:44:20.417999,davidpadilla@example.net,mQ9VyHjOz@,1993-05-21,7808236635,"South themselves course find. Management many assume bit bed ten pretty. Almost sport represent above.
Front someone education right far customer name. Yourself down measure pressure score authority.",TaxPerson,woman,man,['1']
21,Olivia Gonzalez,2024-03-16 14:44:20.418216,ajames@example.org,eu@Wk_tK_9,1957-04-06,+1-256-494-8555,Between she new lawyer same available glass. Building Congress his along glass way must.,Fisherthem,man,woman,['1']
22,Christopher Mathis,2024-03-19 14:44:20.418387,kennethshort@example.net,3d(CpbzM%x,1974-12-30,970-332-8704,Capital page very specific simply play. Material effort body order every mean computer blue. Rule fight owner opportunity stay.,TaxPerson,man,woman,['1']
23,Stephen Juarez,2024-03-14 14:44:20.418581,palmerkenneth@example.org,)g5Tl$lbb*,1989-08-27,243.428.6358x13544,"Tell group blood support number memory building. Century perhaps simply bad. Force color daughter space each language.
Remain of under task. Reason standard game several.",Post Person,man,woman,['1']
24,Ryan Davis,2024-03-07 14:44:20.418788,martinjerry@example.net,p)68IW3nVb,1993-11-07,+1-831-841-9122x9911,"Letter positive three school research available. Director cold decision low institution. Set collection others enter green throw law.
Often law economy standard. South light place.",Post Person,man,man,['1']
25,Adam Lambert,2024-03-09 14:44:20.419000,isanchez@example.net,#9Sou$ZHVE,1987-09-15,(618)329-5607x20027,"Pull thus common film thought. One recognize south buy.
Occur debate be western budget. Present blue somebody gun fund boy street same. Else water modern stock court century wish officer.",TaxPerson,man,man,['1']
26,Samantha Murray DVM,2024-03-22 14:44:20.419189,grollins@example.com,q(3G2ZXt&F,1955-07-30,286-443-6846x33726,"Sound right attorney test thank. Enter expect heavy total start return.
Best small believe visit. Teach pattern whatever hot audience law.",TaxPerson,man,man,['1']
27,Sharon Holloway,2024-03-24 14:44:20.419368,matthewgonzalez@example.org,k9FIYHYl(3,1980-04-16,(946)652-5159x260,Two once charge really carry. Address there without reach discussion.,Post Person,woman,man,['1']
28,Steven Collins,2024-02-29 14:44:20.419561,marilynwashington@example.com,07L89asV#9,1962-09-20,(762)222-7412x45387,Anything throughout drive support join statement. People sort follow understand hear. Term finally career form factor.,Policeman Officer,man,woman,['1']
29,James Jones,2024-02-26 14:44:20.419784,henry43@example.com,)31rN#lyER,2001-07-09,911-565-8722,Just member often reflect include cost hundred. Draw end color exactly. Lead teach end phone term article whatever.,TaxPerson,woman,man,['1']
30,Sara Carter,2024-02-26 14:44:20.419937,kelleyjason@example.org,AdS3ERqYD*,1974-05-22,+1-834-929-3667x64036,"Movement easy sound return personal. Deal since adult different. Position space stuff. Decision similar save range.
Management mouth throw local. Kitchen where official.",Fisherthem,woman,man,['1']
31,Eric Harris,2024-03-18 14:44:20.420141,hansenlogan@example.net,&YTdjn2R18,1996-04-06,(720)805-3050,Accept enjoy control single within material once. Program want environment team beautiful off show cut.,Policeman Officer,woman,woman,['1']
32,Samantha Walsh,2024-03-06 14:44:20.420337,wolfsean@example.com,#%kXl3mdRV,1984-09-25,311.324.3966,"Product she particularly wish series someone view beyond. Tough brother agent doctor student loss apply. Debate determine color cell often during which.
Dog control article. Add these walk national.",TaxPerson,woman,man,['1']
33,Ian Sullivan,2024-03-03 14:44:20.420543,jeffrey08@example.net,#9g32ZDr#),1994-06-30,(322)933-6111x861,"Exactly few would ahead long future relate.
Site benefit back on local station memory. Participant hear only these age.
Population matter major note customer. Important affect summer when.",TaxPerson,woman,man,['1']
34,Amy Green,2024-02-29 14:44:20.420698,sbarron@example.com,9Q7CAsoL1*,1998-03-10,451.366.4470x630,"She station phone across executive voice. Company information institution foot want continue some.
Happen consumer yard smile position. Conference factor former involve international respond.",Post Person,woman,man,['1']
35,Jeffrey Zavala,2024-03-20 14:44:20.420855,brian18@example.com,X4H6@cWj)@,2005-08-05,001-899-463-8645,"Price your kind moment. Six huge outside customer.
Exist central least world us among the. Minute whole war hope. Be need traditional choice fight.",TaxPerson,man,woman,['1']
36,Peter Cook,2024-03-09 14:44:20.421001,jstephens@example.net,3m(x4UZ7@),1962-01-19,(727)254-3522x32643,"Street themselves cultural character.
They brother relationship once drop although anything. Set audience guy discuss material head or range. Stay character room single cover seven now.",Policeman Officer,man,man,['1']
37,Heather Mcclain,2024-03-15 14:44:20.421165,michael04@example.com,d+7X2H$lEl,1998-12-27,959.650.8953,Article enough culture because near few message. And center mouth manage. Someone operation environmental culture. Pull risk factor key reflect radio.,Fisherthem,man,woman,['1']
38,Christopher Davis,2024-03-12 14:44:20.421309,stephenjackson@example.net,^x5^G+shJ3,1962-09-25,462.913.1283,"Style out cup financial. Find significant identify career case report. Place career white center cell base bar.
Son hour per friend less. Focus Republican better charge remain wall.",Policeman Officer,woman,man,['1']
39,Robert Smith Jr.,2024-02-27 14:44:20.421500,chandlerheather@example.com,!5hD1UvaXZ,1944-11-13,858-552-3210,Pay air around stage hospital. Hit real focus reveal. Coach play they federal form public themselves rather.,Fisherthem,man,woman,['1']
40,Tiffany Melendez,2024-03-20 14:44:20.421683,janet40@example.org,+3I@Wn+e0h,1963-12-15,835.954.2212x05358,"Adult window security process. Other leader read whom well.
Page officer response.
Thing air tonight government science. Age oil eight affect particularly.",Policeman Officer,man,woman,['1']
41,Karen Schmidt,2024-03-04 14:44:20.421860,sdavis@example.org,)(Omeg9fL7,1946-05-06,+1-992-499-5918,Benefit last nearly nor ahead. Color cultural thought relationship reach concern.,Post Person,man,woman,['1']
42,Jeffrey Hill,2024-03-03 14:44:20.422014,jennifer19@example.org,fZ7&kA5t^3,1983-12-01,001-939-306-2304,"From team deep step. Citizen model safe deal.
Here everything trip mention. Detail there describe.
Type strong suggest class. Approach old man look out speech chance.",Post Person,woman,man,['1']
43,Daniel Valencia,2024-03-17 14:44:20.422169,wkeith@example.com,_P3Xunev3u,1954-02-11,+1-959-366-7868,"Parent high able and word phone us. Sometimes guess model start life before how. Fact run meet above lot certain set interesting.
History sign side occur. Protect often plan yet.",Policeman Officer,woman,man,['1']
44,Michelle Fowler,2024-03-19 14:44:20.422335,christopher06@example.net,%^NtUb&d(4,1991-06-11,(669)965-0132,"Movie I yard too after. Argue whether phone best recent return a. Everyone human public size poor carry.
State main certainly discover move may energy. Laugh officer modern risk.",Policeman Officer,woman,man,['1']
45,Justin Webster,2024-03-01 14:44:20.422490,carolsmith@example.net,shQi#3+v*9,1968-03-11,(664)339-4860,"Sort itself full high us story moment. Official learn western size deal.
Lead recognize a ever personal person. Around watch guess recently. Follow present hot treat war surface.",Fisherthem,man,man,['1']
46,Richard Dean PhD,2024-03-02 14:44:20.422679,ucabrera@example.org,D_o8BKHp+2,1999-06-09,001-973-623-3127x679,Education draw water care develop lot employee. Method agreement use war bank. As choice entire anything he defense.,TaxPerson,woman,woman,['1']
47,Mitchell Johnson,2024-02-28 14:44:20.422834,amandafinley@example.org,T8cY@aaz+Y,1973-07-31,232.927.6754x22071,Be name they without. Exist pretty example training concern. Baby debate successful thank.,Fisherthem,man,man,['1']
48,Hannah Santos,2024-03-16 14:44:20.423036,stephennorton@example.net,#9LwBr4P%L,1986-08-22,001-449-227-4198x8391,"Ball style pretty option kind he couple happen. Congress director newspaper.
Movement themselves owner last. Natural commercial whom or cover peace image.",TaxPerson,woman,man,['1']
49,Alicia Delgado,2024-03-14 14:44:20.423225,rebekah12@example.com,iOzB8wpt%7,2004-04-28,001-348-272-9810x27884,Require back most source seem. Happy affect ready try cup. Writer some act among capital event child.,TaxPerson,woman,woman,['1']
50,Jacqueline Roberts,2024-03-17 14:44:20.423371,michael69@example.net,&z7OAVehs0,1958-08-01,622.911.5497,In side usually. Trouble everyone range require allow than although. Official last case wife kind red.,Post Person,woman,woman,['1']
51,Stephanie Wood,2024-03-23 14:44:20.423508,ssoto@example.org,+B2GRiintR,2004-10-29,+1-484-982-3728,"Some plan inside. Though executive south between.
His perhaps federal less design. Product sort executive long notice at likely simply. Every toward operation cost find sort.",Post Person,woman,man,['1']
52,Troy Kaiser,2024-03-20 14:44:20.423662,michaelmills@example.org,#5OJ0%WgZ@,1951-06-20,(960)437-2377,"Hundred board energy southern. Cause set blue as yeah season space.
Man film always become expert record.",Fisherthem,woman,woman,['1']
53,Hannah Bell,2024-03-11 14:44:20.423844,cmcneil@example.net,p@b3WbsZA$,1946-06-13,732.313.7538,"Subject thank kind evening. Plant stage east protect wall. Open head TV woman safe report. Business character style protect nor happy.
If memory not someone finally certainly not investment.",TaxPerson,woman,woman,['1']
54,Johnny Perkins,2024-03-06 14:44:20.424001,alice60@example.org,V)4GCiV#*A,1994-02-21,589.513.1764x43182,Product throw require ahead. Civil enjoy image age not way sort seat. Direction Congress past sense quite.,Fisherthem,woman,woman,['1']
55,Mr. Travis Todd,2024-02-26 14:44:20.424145,orusso@example.net,%U1My6FXE0,2004-03-16,+1-432-529-0396,"East too partner authority rise impact. Institution daughter language no market.
Walk surface experience worker. Type hope conference.",TaxPerson,man,woman,['1']
56,Meredith Dalton,2024-03-07 14:44:20.424302,richard92@example.org,4#E#XK)a@i,1992-11-06,(424)318-3918x2406,Travel other election fight. Billion drop if star politics suddenly position color. I fast region standard suddenly. Prove fall even stay traditional decide.,Post Person,man,man,['1']
57,Jessica Yu,2024-03-12 14:44:20.424450,wbuchanan@example.net,ae@7JbvBy%,1984-08-31,+1-776-376-0502x335,Page always food minute next industry. Guess north from word maintain their sign.,TaxPerson,woman,woman,['1']
58,Catherine Weber,2024-03-11 14:44:20.424606,john55@example.com,(dk_zPc)+8,1962-06-19,+1-761-979-3821x048,"Key follow condition prepare huge. Thousand ahead specific few.
Business not note. Picture nor assume. Dinner threat nor experience nation.",Post Person,woman,man,['1']
59,Kyle Stewart,2024-03-25 14:44:20.424742,dylanboyd@example.com,tBsyWxTr*7,1972-02-05,770.449.3356x40647,Traditional parent property. Stay bring work local. Bed future wait ready.,Fisherthem,man,woman,['1']
60,Brittany Robinson,2024-03-15 14:44:20.424917,torresjill@example.org,SBI0O6c!%0,1985-10-03,+1-249-494-2209,"Question great age herself American course. Deal trial develop want.
Radio society clearly group so behavior. School read everyone product.",Policeman Officer,man,man,['1']
61,Michael Reyes,2024-03-20 14:44:20.425091,johnlee@example.org,Mt0O^oUw!m,1961-06-08,5726766520,"Many student involve eight land. Image something black tonight child after best.
Politics account keep until mind onto. Party prove almost speak.",Fisherthem,man,man,['1']
62,Regina Adams,2024-03-02 14:44:20.425288,brittneyhorton@example.org,)1dGpsGH*1,1970-12-19,2578647995,"We language mind become project western. Never scene however road just.
By clearly law understand side step. Way then quickly mother performance charge back.",Fisherthem,man,man,['1']
63,Megan Brown,2024-03-09 14:44:20.425461,kelsey08@example.com,!m5tYw3rim,1989-01-18,001-907-328-3972x636,"Republican meeting when choose good choose. Work TV leg six finally now season.
Democrat crime pull rock travel. Claim serve at simple according have. Husband consider trial too.",Policeman Officer,man,woman,['1']
64,Sarah Craig,2024-03-18 14:44:20.425600,amyzavala@example.net,GI7IJjg(&&,1978-05-09,361.861.1398,"Red paper seek lead author other.
Throw culture process better build. Can answer anyone act budget campaign.
Through person forward each down. Everyone benefit capital with act. New ago ten like.",Post Person,woman,man,['1']
65,Benjamin Nichols,2024-02-29 14:44:20.425783,kevin95@example.org,$6FaCbvcs6,1996-05-24,362-621-0062x7788,"Of TV likely foot drop something. End leader safe market outside.
Democratic fly move look allow dinner defense. Left system think peace look scene. Beat number window expert.",Fisherthem,man,man,['1']
66,Renee Romero,2024-03-19 14:44:20.425923,cassie89@example.net,ztO7Vtq0&7,2000-03-21,+1-556-504-3345x51394,"Structure down remain. Process begin such war north building. Language figure natural to sister attorney perform.
Really item in field. Usually expert hair miss most study.",TaxPerson,man,man,['1']
67,Lisa Chambers,2024-03-05 14:44:20.426064,schapman@example.org,16YFs1rv#y,1978-10-01,8725974104,"Mission security front later meeting. Network among assume eye.
Community crime mission drop traditional wish able. Energy against dog me hair.
Election husband himself wait call information.",Policeman Officer,woman,woman,['1']
68,Yolanda Campbell,2024-03-10 14:44:20.426216,norrisdiana@example.com,%*)&USqii0,1993-03-02,(335)843-0762x102,"Score front recognize open city military. Wonder win boy side gun history example.
Part sing role. Fire site law service. Successful public certainly.
Security in still.",Policeman Officer,woman,woman,['1']
69,Mark Powers,2024-03-16 14:44:20.426409,bradleymelissa@example.org,+6VD%8@#i9,1958-02-26,(514)447-8537x609,Wear debate gun actually most simple think. Floor term begin chair plan.,Post Person,man,man,['1']
70,Sarah Lutz,2024-03-19 14:44:20.426583,woodmatthew@example.net,jMS#1OifW_,1961-02-26,882.970.7726,"One range picture part listen above entire art. Health today go determine. Begin Mr instead base difficult.
Important trade than bed allow strong. Main service also summer maybe.",TaxPerson,woman,woman,['1']
71,Michelle Smith,2024-03-22 14:44:20.426772,munozjasmine@example.com,*V9ADlbs#L,1948-04-25,(597)590-9819x459,"Million stand window morning institution bag. Within result war stop create.
Thank sport create crime rock partner citizen. Bed author close off list especially. Type can future.",Fisherthem,woman,man,['1']
72,Craig Kirk,2024-03-12 14:44:20.426955,martinmonica@example.org,_Q*tYWqb06,1976-12-12,882.809.4822x58175,Foreign statement early suggest fear indicate level such. North hot study determine team million. Simply way herself movie.,Policeman Officer,man,man,['1']
73,Brittany Hamilton,2024-03-12 14:44:20.427131,mccoyedward@example.org,ge&3UXxvA!,1999-07-03,+1-643-534-2218,"Speak themselves tonight perform. Follow data set.
Matter while between agreement. When home sound bank. Do born behavior. Moment big experience necessary represent.",Policeman Officer,woman,woman,['1']
74,Victor Reynolds,2024-03-18 14:44:20.427311,eterry@example.com,HiQAJ4^l$5,2006-01-19,001-244-802-4173,"Door worry type. Meet history difficult son require history subject. Manage officer institution. The point ok reason professional whom.
Able provide short training. Almost could indicate.",TaxPerson,woman,man,['1']
75,Johnny Hood,2024-03-02 14:44:20.427468,jennifer58@example.net,Cq)3fXDn7w,1973-10-12,290-785-3606x79848,"Whole make college race necessary reality. At thus word rest wide.
Friend knowledge position fast church decision foreign. Seek attention cover name. Later personal her must.",Post Person,woman,man,['1']
76,Jessica Rodriguez,2024-03-03 14:44:20.427603,bfernandez@example.com,y86sNu1jp!,1970-11-14,412-412-9829x490,"Specific in woman couple. Majority him early around trade reason base.
Recent safe like deal main. Soldier military play floor wish but stay specific.",Policeman Officer,man,woman,['1']
77,Roger Martin,2024-03-25 14:44:20.427749,hjackson@example.org,3FtlO@rR+I,1994-09-18,(627)980-6845x599,Risk water teacher. Very individual citizen south.,TaxPerson,woman,man,['1']
78,James Glover,2024-03-11 14:44:20.427892,dodsonmelissa@example.net,dRyK6AiZ$+,1964-04-22,+1-783-984-6302,"It condition study during. Help within outside machine act our never. Civil accept system director stand travel song.
World friend girl size rate student under. Religious paper down.",TaxPerson,woman,woman,['1']
79,Michelle Bradley,2024-03-07 14:44:20.428070,kellercharles@example.org,&mniJHvl9k,2004-12-27,443-260-5733x78103,"Find middle economy well special. Mother pass national space development all. Opportunity TV future American.
Career cost remember loss late. Someone let fact article drug claim grow purpose.",Policeman Officer,man,man,['1']
80,Ryan Fox,2024-02-25 14:44:20.428250,anne68@example.org,ztQyHaby(0,1996-05-08,7724960222,Sure father never wall president. Think six some surface. Finish think walk.,TaxPerson,woman,woman,['1']
81,Meghan Bowman,2024-03-22 14:44:20.428383,angela83@example.com,w^h9^ZjUu$,1997-03-07,(264)739-9926,"Close senior laugh foot. Theory born kind guy.
Option once suddenly group worker mean. Market particularly million option piece federal.
Else support role. Already hit pull side.",Post Person,man,man,['1']
82,Ricky Hill,2024-03-22 14:44:20.428521,edavidson@example.com,q)3I9KrnTe,1981-06-10,+1-563-217-7855x92683,"Direction upon parent affect want. Cell whose miss consumer between deep.
Across commercial probably most position store. Pull exactly somebody debate during can large.",Policeman Officer,woman,man,['1']
83,David Robertson,2024-03-12 14:44:20.428661,stephenevans@example.com,d7_7L4cy%o,1997-12-24,552.947.1668,"Pay job family vote reflect goal soon. Loss line product without gas degree government.
Prepare simply ball financial natural politics step. Country movement medical benefit heavy threat expect.",Policeman Officer,woman,woman,['1']
84,Stephanie Valdez,2024-03-08 14:44:20.428830,scott42@example.net,$f3GLMdP83,1956-06-06,346.747.6301x933,Early sport assume structure nature wall always head. Note radio audience enjoy herself increase. Position food both section available certainly far. Have finish performance six list only.,Post Person,man,man,['1']
85,David Lucas,2024-03-22 14:44:20.428952,gvillanueva@example.org,Mnyz4F9b(*,2002-02-16,(558)695-2412x0621,"Push city forward writer state. Plan list a role family do assume. Stop next produce should.
Bed reach be group system ago. Indeed top seem budget although into property.",Policeman Officer,woman,woman,['1']
86,Courtney Lewis,2024-03-22 14:44:20.429090,oscarwagner@example.net,S&XS4Sj)5@,2004-09-22,+1-802-609-6600x47486,"Player develop evening hour contain on.
Decade both environment scientist read of station particularly.",Post Person,man,man,['1']
87,Brittany Dodson,2024-02-28 14:44:20.429268,heathertaylor@example.com,$+XzzXDxs9,1970-07-12,341-467-8348x058,Couple college onto between alone. Five audience network factor.,Fisherthem,woman,man,['1']
88,Tim Matthews,2024-02-27 14:44:20.429427,molly72@example.org,#G8f1aEqmh,1968-03-31,480.224.4218x57361,Rich will protect. Marriage bring us low thank shoulder. Yourself military its lawyer visit officer street.,Fisherthem,woman,woman,['1']
89,David Knight,2024-03-16 14:44:20.429548,ericajones@example.net,TR6R&Wwq+G,1982-07-12,494.418.8287,"Ahead account bring week. This stop process ask its huge major. Wife heavy shoulder number sort goal necessary.
More article Mrs clear hotel guy hear. Subject save since speak all.",Policeman Officer,man,man,['1']
90,Gwendolyn Greene,2024-03-17 14:44:20.429718,jenniferhunt@example.net,2WEMmN(K&u,1956-03-07,+1-360-321-4911x03308,Nation write program recognize mean north series stay. Affect six size campaign paper social director staff. Last local food.,Fisherthem,woman,man,['1']
91,Kevin Cole,2024-03-14 14:44:20.429877,charles68@example.net,mc6*7AWhw(,1976-01-10,(239)402-0376x0000,"Record hold might however. Simply assume situation TV us century method best.
Paper peace race start current. Form allow simply join into plant task. List may story.",Policeman Officer,woman,man,['1']
92,Diana Barber,2024-03-09 14:44:20.430004,chrisfrey@example.org,*4rWi@oQxr,1944-04-11,+1-835-881-8534x7614,Answer side already concern training off test. Out three everything court factor all. Detail population almost no raise.,Fisherthem,man,woman,['1']
93,Roger Martin,2024-02-29 14:44:20.430163,curtiswolfe@example.com,!)7DTl&jgL,2001-10-27,315-371-4439,Player whole stop word hand attorney. Past always note. Walk its resource daughter Democrat yet me. Summer recently first college cup possible.,Fisherthem,woman,man,['1']
94,Ashley Williams,2024-03-14 14:44:20.430324,juan93@example.com,ClL^cWy+_7,1964-01-16,(258)676-7710x313,"Off international since meet it improve.
Too popular after such line act. Behavior party design yes free. Still amount way ever politics high.",Policeman Officer,man,man,['1']
95,Nicholas Bishop,2024-03-06 14:44:20.430451,wmartin@example.com,%u@0Z7%n2A,2004-05-25,(671)591-7525x19181,"Step figure board share scene. Radio meeting rule director care.
Hospital foreign bad it traditional we both compare. Onto woman gas stop.",Post Person,man,man,['1']
96,Mary Cross,2024-03-21 14:44:20.430592,james01@example.org,ZCks5QKe)i,1948-08-24,633.577.0608,"Boy window scientist bring position policy staff. Next number too eat son billion break behind.
Mouth manage fact interview voice behavior.
Major card drop whole material so glass large.",TaxPerson,woman,man,['1']
97,Carmen Reid,2024-03-11 14:44:20.430719,dmorgan@example.com,C9QPg(5e!l,1999-09-15,+1-266-532-9255x9461,"Consumer myself late issue natural through. Very performance heavy performance too give. Project guy run area official consider.
Thousand pressure area issue. Action computer fill develop.",Fisherthem,man,man,['1']
98,Miguel Hale,2024-02-27 14:44:20.430854,ostone@example.org,p^4pXdrI@%,1965-03-31,(479)726-5949x0041,"Although pretty executive mission deal. When seven fund.
Word level government power. Responsibility discussion better heart kid me take. Result data yard tell pressure garden alone such.",Policeman Officer,woman,man,['1']
99,Andrew Taylor,2024-03-21 14:44:20.430992,thomasedwards@example.net,K!MBXpGo)0,1959-11-05,+1-436-534-3049x508,"Magazine as which once degree. Wish value country than conference officer whose.
Exist present international serious front player. Issue political list military trade.",Policeman Officer,woman,man,['1']
100,Richard Wilson PhD,2024-03-03 14:44:20.431156,kelly16@example.com,z$7sWmCsfG,2005-02-03,+1-490-236-1321x280,Behavior level low writer term get back. Side itself culture four in data cultural. Machine perform here allow itself.,Post Person,man,woman,['1']
